-- phpMyAdmin SQL Dump
-- version 5.2.0
-- https://www.phpmyadmin.net/
--
-- ホスト: 127.0.0.1
-- 生成日時: 2024-06-18 18:48:46
-- サーバのバージョン： 10.4.24-MariaDB
-- PHP のバージョン: 8.0.25

SET SQL_MODE = "NO_AUTO_VALUE_ON_ZERO";
START TRANSACTION;
SET time_zone = "+00:00";


/*!40101 SET @OLD_CHARACTER_SET_CLIENT=@@CHARACTER_SET_CLIENT */;
/*!40101 SET @OLD_CHARACTER_SET_RESULTS=@@CHARACTER_SET_RESULTS */;
/*!40101 SET @OLD_COLLATION_CONNECTION=@@COLLATION_CONNECTION */;
/*!40101 SET NAMES utf8mb4 */;

--
-- データベース: `menu`
--

-- --------------------------------------------------------

--
-- テーブルの構造 `eat_history`
--

CREATE TABLE `eat_history` (
  `id` int(11) NOT NULL,
  `user_id` int(11) NOT NULL,
  `main_id` int(11) NOT NULL,
  `sub_id` int(11) NOT NULL,
  `total_kcal` int(11) NOT NULL,
  `category` tinyint(4) NOT NULL,
  `eat_date` date NOT NULL,
  `create_date_time` datetime NOT NULL DEFAULT current_timestamp(),
  `update_date_time` datetime NOT NULL DEFAULT current_timestamp(),
  `is_deleted` tinyint(4) NOT NULL DEFAULT 0
) ENGINE=InnoDB DEFAULT CHARSET=utf8mb4;

--
-- テーブルのデータのダンプ `eat_history`
--

INSERT INTO `eat_history` (`id`, `user_id`, `main_id`, `sub_id`, `total_kcal`, `category`, `eat_date`, `create_date_time`, `update_date_time`, `is_deleted`) VALUES
(29, 1, 3, 1, 480, 0, '2022-12-08', '2022-12-08 03:55:09', '2022-12-08 03:55:09', 1),
(30, 1, 4, 1, 507, 0, '2022-12-08', '2022-12-08 03:55:16', '2022-12-08 03:55:16', 1),
(31, 1, 2, 1, 187, 0, '2022-12-08', '2022-12-08 03:57:44', '2022-12-08 03:57:44', 1),
(32, 1, 3, 1, 480, 0, '2022-12-05', '2022-12-08 03:57:50', '2022-12-08 03:57:50', 1),
(33, 1, 1, 1, 320, 0, '2022-12-05', '2022-12-08 03:58:00', '2022-12-08 03:58:00', 1),
(34, 1, 3, 1, 480, 0, '2022-12-06', '2022-12-08 03:58:07', '2022-12-08 03:58:07', 1),
(35, 1, 1, 1, 320, 0, '2022-12-06', '2022-12-08 03:59:22', '2022-12-08 03:59:22', 1),
(36, 1, 1, 1, 320, 0, '2022-12-08', '2022-12-08 03:59:29', '2022-12-08 03:59:29', 1),
(37, 1, 3, 1, 480, 0, '2022-12-08', '2022-12-08 03:59:44', '2022-12-08 03:59:44', 1),
(38, 1, 4, 1, 507, 0, '2022-12-07', '2022-12-08 03:59:54', '2022-12-08 03:59:54', 1),
(39, 1, 1, 1, 320, 0, '2022-12-04', '2022-12-08 04:00:36', '2022-12-08 04:00:36', 1),
(40, 1, 4, 1, 507, 0, '2022-12-04', '2022-12-08 04:00:59', '2022-12-08 04:00:59', 1),
(41, 1, 1, 1, 320, 0, '2022-12-08', '2022-12-08 04:01:39', '2022-12-08 04:01:39', 1),
(42, 1, 2, 1, 187, 0, '2022-12-10', '2022-12-08 04:02:32', '2022-12-08 04:02:32', 1),
(43, 1, 1, 1, 320, 0, '2022-12-20', '2022-12-08 04:02:44', '2022-12-08 04:02:44', 1),
(44, 1, 3, 1, 480, 0, '2022-12-05', '2022-12-08 04:23:46', '2022-12-08 04:23:46', 1),
(45, 1, 1, 1, 320, 0, '2022-12-05', '2022-12-08 04:24:00', '2022-12-08 04:24:00', 1),
(46, 1, 4, 1, 507, 0, '2022-12-08', '2022-12-08 04:38:41', '2022-12-08 04:38:41', 1),
(47, 1, 3, 1, 480, 0, '2022-12-04', '2022-12-08 04:39:03', '2022-12-08 04:39:03', 1),
(48, 1, 2, 1, 187, 0, '2022-12-05', '2022-12-08 04:40:57', '2022-12-08 04:40:57', 1),
(49, 1, 3, 1, 480, 0, '2022-12-08', '2022-12-08 04:54:13', '2022-12-08 04:54:13', 1),
(50, 1, 2, 1, 187, 0, '2022-12-13', '2022-12-08 05:35:12', '2022-12-08 05:35:12', 1),
(51, 1, 2, 1, 187, 0, '2022-12-04', '2022-12-08 05:38:53', '2022-12-08 05:38:53', 1),
(52, 1, 2, 1, 187, 0, '2022-12-08', '2022-12-08 05:48:50', '2022-12-08 05:48:50', 1),
(53, 1, 3, 1, 480, 0, '2022-12-07', '2022-12-08 05:49:10', '2022-12-08 05:49:10', 1),
(54, 1, 1, 1, 320, 0, '2022-12-04', '2022-12-08 06:01:45', '2022-12-08 06:01:45', 1),
(55, 1, 4, 1, 507, 0, '2022-12-08', '2022-12-08 06:04:54', '2022-12-08 06:04:54', 1),
(56, 1, 3, 1, 480, 0, '2022-12-09', '2022-12-08 12:37:35', '2022-12-08 12:37:35', 1),
(57, 1, 3, 1, 480, 0, '2022-12-08', '2022-12-08 12:38:08', '2022-12-08 12:38:08', 1),
(58, 1, 4, 1, 507, 0, '2022-12-04', '2022-12-08 12:40:52', '2022-12-08 12:40:52', 1),
(59, 1, 3, 1, 480, 0, '2022-12-08', '2022-12-08 17:42:31', '2022-12-08 17:42:31', 1),
(60, 1, 1, 1, 320, 0, '2022-12-08', '2022-12-08 17:56:44', '2022-12-08 17:56:44', 1),
(61, 1, 4, 1, 507, 0, '2022-12-08', '2022-12-08 17:56:51', '2022-12-08 17:56:51', 1),
(62, 1, 3, 1, 480, 0, '2022-12-08', '2022-12-08 17:59:03', '2022-12-08 17:59:03', 1),
(63, 1, 4, 1, 507, 0, '2022-12-20', '2022-12-08 17:59:11', '2022-12-08 17:59:11', 1),
(64, 1, 28, 17, 316, 0, '2022-12-08', '2022-12-08 18:00:24', '2022-12-08 18:00:24', 1),
(65, 1, 2, 1, 187, 0, '2022-12-04', '2022-12-08 18:00:35', '2022-12-08 18:00:35', 1),
(66, 1, 3, 1, 480, 0, '2022-12-20', '2022-12-08 18:03:43', '2022-12-08 18:03:43', 1),
(67, 1, 4, 1, 507, 0, '2022-12-09', '2022-12-09 01:57:30', '2022-12-09 01:57:30', 1),
(68, 1, 2, 1, 187, 0, '2022-12-09', '2022-12-09 15:15:27', '2022-12-09 15:15:27', 1),
(69, 1, 3, 1, 480, 0, '2022-12-10', '2022-12-09 15:49:34', '2022-12-09 15:49:34', 1),
(70, 1, 5, 1, 184, 0, '2022-12-09', '2022-12-09 16:14:38', '2022-12-09 16:14:38', 1),
(71, 1, 3, 1, 480, 0, '2022-12-09', '2022-12-09 16:58:48', '2022-12-09 16:58:48', 1),
(72, 1, 2, 1, 187, 0, '2022-12-09', '2022-12-09 16:58:58', '2022-12-09 16:58:58', 1),
(73, 1, 3, 1, 480, 0, '2022-12-07', '2022-12-09 17:11:26', '2022-12-09 17:11:26', 1),
(74, 1, 2, 1, 187, 0, '2022-12-07', '2022-12-09 17:11:43', '2022-12-09 17:11:43', 1),
(75, 1, 4, 1, 507, 0, '2022-12-09', '2022-12-09 17:39:54', '2022-12-09 17:39:54', 1),
(76, 1, 3, 1, 480, 0, '2022-12-07', '2022-12-09 17:40:42', '2022-12-09 17:40:42', 1),
(77, 1, 3, 1, 480, 0, '2022-12-09', '2022-12-09 20:55:51', '2022-12-09 20:55:51', 1),
(79, 1, 2, 1, 187, 0, '2022-12-09', '2022-12-09 21:00:20', '2022-12-09 21:00:20', 1),
(80, 1, 7, 8, 740, 0, '2022-12-09', '2022-12-09 22:29:52', '2022-12-09 22:29:52', 1),
(81, 1, 13, 10, 468, 1, '2022-12-10', '2022-12-10 01:35:30', '2022-12-10 01:35:30', 1),
(82, 1, 14, 11, 917, 1, '2022-12-09', '2022-12-10 01:44:50', '2022-12-10 01:44:50', 1),
(83, 1, 17, 10, 707, 1, '2022-12-10', '2022-12-10 01:46:15', '2022-12-10 01:46:15', 1),
(84, 1, 2, 12, 180, 1, '2022-12-28', '2022-12-10 02:25:03', '2022-12-10 02:25:03', 1),
(85, 1, 15, 10, 972, 1, '2022-12-10', '2022-12-10 14:26:06', '2022-12-10 14:26:06', 1),
(86, 1, 9, 9, 272, 0, '2022-12-07', '2022-12-10 14:26:18', '2022-12-10 14:26:18', 1),
(87, 1, 14, 10, 963, 1, '2022-12-28', '2022-12-11 02:01:08', '2022-12-11 02:01:08', 1),
(88, 1, 12, 11, 335, 1, '2022-12-12', '2022-12-12 11:00:25', '2022-12-12 11:00:25', 1),
(89, 1, 7, 5, 745, 0, '2022-12-12', '2022-12-12 11:39:30', '2022-12-12 11:39:30', 1),
(90, 1, 9, 9, 272, 0, '2022-12-28', '2022-12-12 13:02:00', '2022-12-12 13:02:00', 1),
(91, 1, 5, 8, 223, 0, '2022-12-12', '2022-12-12 17:10:22', '2022-12-12 17:10:22', 1),
(92, 1, 2, 7, 305, 0, '2022-12-07', '2022-12-12 17:15:23', '2022-12-12 17:15:23', 1),
(93, 1, 29, 19, 665, 2, '2022-12-12', '2022-12-12 17:17:09', '2022-12-12 17:17:09', 1),
(94, 1, 28, 17, 316, 2, '2022-12-28', '2022-12-12 17:54:09', '2022-12-12 17:54:09', 1),
(95, 1, 14, 10, 963, 1, '2022-12-21', '2022-12-12 18:05:02', '2022-12-12 18:05:02', 1),
(96, 1, 14, 10, 963, 1, '2022-12-21', '2022-12-12 18:20:31', '2022-12-12 18:20:31', 1),
(97, 1, 14, 10, 963, 1, '2022-12-28', '2022-12-12 18:20:43', '2022-12-12 18:20:43', 1),
(98, 1, 5, 7, 302, 0, '2022-12-14', '2022-12-12 18:20:51', '2022-12-12 18:20:51', 1),
(99, 1, 9, 7, 346, 0, '2022-12-14', '2022-12-12 18:21:37', '2022-12-12 18:21:37', 1),
(100, 1, 16, 11, 555, 1, '2022-12-14', '2022-12-12 18:21:54', '2022-12-12 18:21:54', 1),
(101, 1, 13, 12, 365, 1, '2022-12-14', '2022-12-12 18:28:47', '2022-12-12 18:28:47', 1),
(102, 1, 13, 12, 365, 1, '2022-11-29', '2022-12-12 18:28:51', '2022-12-12 18:28:51', 1),
(103, 1, 13, 12, 365, 1, '2022-11-29', '2022-12-12 18:29:04', '2022-12-12 18:29:04', 1),
(104, 1, 9, 9, 272, 0, '2022-11-29', '2022-12-12 18:29:17', '2022-12-12 18:29:17', 1),
(105, 1, 28, 15, 367, 2, '2022-12-12', '2022-12-12 18:29:27', '2022-12-12 18:29:27', 1),
(106, 1, 5, 7, 302, 0, '2022-12-14', '2022-12-12 18:31:07', '2022-12-12 18:31:07', 1),
(107, 1, 28, 17, 316, 2, '2022-12-14', '2022-12-12 19:11:10', '2022-12-12 19:11:10', 1),
(108, 1, 5, 7, 302, 0, '2022-12-13', '2022-12-12 19:18:49', '2022-12-12 19:18:49', 1),
(109, 1, 8, 7, 906, 0, '2022-12-13', '2022-12-12 19:33:41', '2022-12-12 19:33:41', 1),
(110, 1, 8, 7, 906, 0, '2022-12-28', '2022-12-12 19:35:00', '2022-12-12 19:35:00', 1),
(111, 1, 8, 7, 906, 0, '2022-12-28', '2022-12-12 19:35:17', '2022-12-12 19:35:17', 1),
(112, 1, 6, 7, 276, 0, '2022-12-28', '2022-12-12 19:35:30', '2022-12-12 19:35:30', 1),
(113, 1, 8, 7, 906, 0, '2022-12-28', '2022-12-12 19:37:01', '2022-12-12 19:37:01', 1),
(114, 1, 8, 7, 906, 0, '2022-12-28', '2022-12-12 19:37:19', '2022-12-12 19:37:19', 1),
(115, 1, 8, 7, 906, 0, '2022-12-13', '2022-12-12 19:57:56', '2022-12-12 19:57:56', 1),
(116, 1, 8, 7, 906, 0, '2022-12-13', '2022-12-12 19:58:02', '2022-12-12 19:58:02', 1),
(117, 1, 12, 10, 381, 1, '2022-12-13', '2022-12-12 19:58:08', '2022-12-12 19:58:08', 1),
(118, 1, 8, 7, 906, 0, '2022-12-28', '2022-12-12 19:58:19', '2022-12-12 19:58:19', 1),
(119, 1, 8, 9, 832, 0, '2022-12-28', '2022-12-12 20:01:51', '2022-12-12 20:01:51', 1),
(120, 1, 12, 10, 381, 1, '2022-12-13', '2022-12-12 20:12:24', '2022-12-12 20:12:24', 1),
(121, 1, 5, 7, 302, 0, '2022-12-13', '2022-12-12 20:12:31', '2022-12-12 20:12:31', 1),
(122, 1, 8, 7, 906, 0, '2022-12-28', '2022-12-12 20:12:55', '2022-12-12 20:12:55', 1),
(123, 1, 10, 7, 346, 0, '2022-12-12', '2022-12-12 20:14:21', '2022-12-12 20:14:21', 1),
(124, 1, 14, 11, 917, 1, '2022-12-13', '2022-12-12 20:14:32', '2022-12-12 20:14:32', 1),
(125, 1, 27, 18, 381, 2, '2022-12-15', '2022-12-12 20:14:41', '2022-12-12 20:14:41', 1),
(126, 1, 1, 6, 448, 0, '2022-12-28', '2022-12-12 20:14:47', '2022-12-12 20:14:47', 1),
(127, 1, 27, 18, 381, 2, '2022-12-15', '2022-12-12 20:18:19', '2022-12-12 20:18:19', 1),
(128, 1, 14, 11, 917, 1, '2022-12-13', '2022-12-12 20:18:27', '2022-12-12 20:18:27', 1),
(129, 1, 27, 18, 381, 2, '2022-12-15', '2022-12-12 20:18:47', '2022-12-12 20:18:47', 1),
(130, 1, 5, 7, 302, 0, '2022-12-15', '2022-12-12 20:18:58', '2022-12-12 20:18:58', 1),
(131, 1, 9, 1, 228, 0, '2022-12-12', '2022-12-12 20:19:06', '2022-12-12 20:19:06', 1),
(132, 1, 22, 15, 397, 2, '2022-12-12', '2022-12-12 20:19:13', '2022-12-12 20:19:13', 1),
(133, 1, 19, 10, 446, 1, '2022-12-14', '2022-12-12 20:19:23', '2022-12-12 20:19:23', 1),
(134, 1, 5, 7, 302, 0, '2022-12-14', '2022-12-12 20:37:46', '2022-12-12 20:37:46', 1),
(135, 1, 14, 10, 963, 1, '2022-12-15', '2022-12-12 20:39:05', '2022-12-12 20:39:05', 1),
(136, 1, 23, 18, 1097, 2, '2022-12-14', '2022-12-12 20:40:06', '2022-12-12 20:40:06', 1),
(137, 1, 2, 7, 305, 0, '2022-12-12', '2022-12-12 22:47:40', '2022-12-12 22:47:40', 1),
(138, 1, 23, 18, 1097, 2, '2022-12-12', '2022-12-12 22:47:57', '2022-12-12 22:47:57', 1),
(139, 1, 9, 9, 272, 0, '2022-12-15', '2022-12-12 22:48:21', '2022-12-12 22:48:21', 1),
(140, 1, 2, 9, 231, 0, '2022-12-12', '2022-12-12 23:16:19', '2022-12-12 23:16:19', 1),
(141, 1, 11, 8, 138, 0, '2022-12-12', '2022-12-12 23:16:29', '2022-12-12 23:16:29', 1),
(142, 1, 2, 3, 315, 0, '2022-12-15', '2022-12-12 23:16:42', '2022-12-12 23:16:42', 1),
(143, 1, 28, 16, 266, 2, '2022-12-13', '2022-12-13 01:01:12', '2022-12-13 01:01:12', 1),
(144, 1, 26, 16, 372, 2, '2022-12-14', '2022-12-13 01:01:59', '2022-12-13 01:01:59', 1),
(145, 1, 12, 12, 278, 1, '2022-12-22', '2022-12-13 01:06:10', '2022-12-13 01:06:10', 1),
(146, 1, 14, 10, 963, 1, '2022-12-15', '2022-12-13 01:09:12', '2022-12-13 01:09:12', 1),
(147, 1, 7, 7, 819, 0, '2022-12-16', '2022-12-13 01:09:27', '2022-12-13 01:09:27', 1),
(148, 1, 29, 18, 601, 2, '2022-12-13', '2022-12-13 14:10:57', '2022-12-13 14:10:57', 1),
(149, 1, 16, 11, 555, 1, '2022-12-22', '2022-12-13 14:14:31', '2022-12-13 14:14:31', 1),
(150, 1, 18, 12, 600, 1, '2022-12-14', '2022-12-13 14:15:09', '2022-12-13 14:15:09', 1),
(151, 1, 7, 1, 701, 0, '2022-12-15', '2022-12-13 14:15:20', '2022-12-13 14:15:20', 1),
(152, 1, 7, 8, 740, 0, '2022-12-17', '2022-12-13 14:20:46', '2022-12-13 14:20:46', 1),
(153, 1, 12, 11, 335, 1, '2022-12-20', '2022-12-13 14:21:02', '2022-12-13 14:21:02', 1),
(154, 1, 22, 19, 438, 2, '2022-12-19', '2022-12-13 18:13:50', '2022-12-13 18:13:50', 1),
(155, 1, 1, 4, 445, 0, '2022-12-28', '2022-12-13 20:50:10', '2022-12-13 20:50:10', 1),
(156, 1, 15, 12, 869, 1, '2022-12-01', '2022-12-13 22:31:24', '2022-12-13 22:31:24', 1),
(157, 1, 21, 15, 496, 2, '2022-12-15', '2022-12-15 13:35:11', '2022-12-15 13:35:11', 1),
(158, 1, 9, 7, 346, 0, '2022-11-16', '2022-12-15 13:48:53', '2022-12-15 13:48:53', 1),
(159, 1, 14, 10, 963, 1, '2022-12-22', '2022-12-15 13:49:07', '2022-12-15 13:49:07', 1),
(160, 1, 14, 10, 963, 1, '2022-10-24', '2022-12-15 14:18:37', '2022-12-15 14:18:37', 1),
(161, 1, 11, 8, 138, 0, '2022-11-02', '2022-12-15 15:19:57', '2022-12-15 15:19:57', 1),
(162, 1, 14, 10, 963, 1, '2022-12-28', '2022-12-15 15:33:06', '2022-12-15 15:33:06', 1),
(163, 4, 8, 1, 788, 0, '2022-12-16', '2022-12-16 11:08:45', '2022-12-16 11:08:45', 1),
(164, 4, 9, 8, 267, 0, '2022-12-16', '2022-12-16 11:08:57', '2022-12-16 11:08:57', 1),
(165, 4, 28, 17, 316, 2, '2022-12-16', '2022-12-16 11:28:32', '2022-12-16 11:28:32', 1),
(166, 4, 13, 11, 422, 1, '2022-12-17', '2022-12-16 11:28:39', '2022-12-16 11:28:39', 1),
(167, 4, 23, 17, 1069, 2, '2022-12-14', '2022-12-16 11:28:47', '2022-12-16 11:28:47', 1),
(168, 4, 16, 12, 498, 1, '2022-12-16', '2022-12-16 11:48:07', '2022-12-16 11:48:07', 1),
(169, 4, 6, 9, 202, 0, '2022-12-14', '2022-12-16 11:48:21', '2022-12-16 11:48:21', 0),
(170, 4, 28, 14, 504, 2, '2022-12-16', '2022-12-16 15:14:31', '2022-12-16 15:14:31', 1),
(171, 4, 28, 14, 504, 2, '2022-12-17', '2022-12-16 15:20:54', '2022-12-16 15:20:54', 1),
(172, 4, 7, 4, 826, 0, '2022-12-17', '2022-12-17 23:35:54', '2022-12-17 23:35:54', 0),
(173, 4, 5, 8, 223, 0, '2022-12-13', '2022-12-17 23:36:04', '2022-12-17 23:36:04', 0),
(174, 4, 26, 19, 514, 2, '2022-12-28', '2022-12-17 23:36:28', '2022-12-17 23:36:28', 0),
(175, 1, 15, 12, 869, 1, '2022-12-28', '2022-12-17 23:45:56', '2022-12-17 23:45:56', 1),
(176, 1, 9, 8, 267, 0, '2022-12-18', '2022-12-18 10:27:31', '2022-12-18 10:27:31', 1),
(177, 1, 20, 14, 1000, 2, '2022-12-01', '2022-12-18 10:27:52', '2022-12-18 10:27:52', 1),
(178, 1, 11, 8, 138, 0, '2022-10-19', '2022-12-19 16:55:12', '2022-12-19 16:55:12', 1),
(179, 1, 11, 8, 138, 0, '2022-10-12', '2022-12-19 16:58:23', '2022-12-19 16:58:23', 1),
(180, 1, 11, 8, 138, 0, '2022-12-01', '2022-12-19 17:48:40', '2022-12-19 17:48:40', 1),
(181, 1, 11, 8, 138, 0, '2022-11-02', '2022-12-19 17:48:54', '2022-12-19 17:48:54', 1),
(182, 1, 10, 8, 267, 0, '2022-12-01', '2022-12-19 17:51:11', '2022-12-19 17:51:11', 1),
(183, 1, 14, 10, 963, 1, '2022-12-01', '2022-12-19 17:52:38', '2022-12-19 17:52:38', 1),
(184, 1, 14, 10, 963, 1, '2022-11-23', '2022-12-19 17:54:26', '2022-12-19 17:54:26', 1),
(185, 1, 5, 7, 302, 0, '2022-12-01', '2022-12-19 17:56:23', '2022-12-19 17:56:23', 1),
(186, 1, 5, 7, 302, 0, '2022-12-01', '2022-12-19 17:59:39', '2022-12-19 17:59:39', 1),
(187, 1, 5, 7, 302, 0, '2022-12-01', '2022-12-19 18:01:54', '2022-12-19 18:01:54', 1),
(188, 1, 14, 10, 963, 1, '2022-12-01', '2022-12-19 19:07:04', '2022-12-19 19:07:04', 1),
(189, 1, 14, 10, 963, 1, '2022-11-30', '2022-12-19 19:35:52', '2022-12-19 19:35:52', 1),
(190, 1, 14, 10, 963, 1, '2022-11-30', '2022-12-19 19:36:35', '2022-12-19 19:36:35', 1),
(191, 1, 14, 10, 963, 1, '2022-11-30', '2022-12-19 19:37:37', '2022-12-19 19:37:37', 1),
(192, 1, 14, 10, 963, 1, '2022-11-23', '2022-12-19 19:38:25', '2022-12-19 19:38:25', 1),
(193, 1, 14, 10, 963, 1, '2022-11-23', '2022-12-19 19:38:51', '2022-12-19 19:38:51', 1),
(194, 1, 5, 7, 302, 0, '2022-11-23', '2022-12-19 19:40:06', '2022-12-19 19:40:06', 1),
(195, 1, 2, 2, 253, 0, '2022-12-01', '2022-12-19 19:41:52', '2022-12-19 19:41:52', 1),
(196, 1, 5, 5, 228, 0, '2022-12-19', '2022-12-19 19:59:30', '2022-12-19 19:59:30', 1),
(197, 1, 10, 3, 356, 0, '2022-12-19', '2022-12-19 20:01:39', '2022-12-19 20:01:39', 1),
(198, 1, 5, 7, 302, 0, '2022-12-19', '2022-12-19 20:02:40', '2022-12-19 20:02:40', 1),
(199, 1, 5, 7, 302, 0, '2022-12-01', '2022-12-19 20:05:51', '2022-12-19 20:05:51', 1),
(200, 1, 5, 7, 302, 0, '2022-11-28', '2022-12-19 20:06:29', '2022-12-19 20:06:29', 1),
(201, 1, 14, 10, 963, 1, '2022-11-01', '2022-12-19 20:08:44', '2022-12-19 20:08:44', 1),
(202, 1, 5, 7, 302, 0, '2022-11-02', '2022-12-19 20:09:21', '2022-12-19 20:09:21', 1),
(203, 1, 17, 10, 707, 1, '2022-11-01', '2022-12-19 20:22:50', '2022-12-19 20:22:50', 1),
(204, 1, 28, 17, 316, 2, '2022-11-01', '2022-12-19 22:15:17', '2022-12-19 22:15:17', 1),
(205, 1, 8, 7, 906, 0, '2022-12-19', '2022-12-19 22:23:56', '2022-12-19 22:23:56', 1),
(206, 1, 14, 10, 963, 1, '2022-12-05', '2022-12-19 22:25:53', '2022-12-19 22:25:53', 1),
(207, 1, 10, 3, 356, 0, '2022-12-21', '2022-12-19 22:27:16', '2022-12-19 22:27:16', 1),
(208, 1, 6, 9, 202, 0, '2022-12-19', '2022-12-19 22:28:27', '2022-12-19 22:28:27', 1),
(209, 1, 19, 10, 446, 1, '2022-12-28', '2022-12-19 22:28:55', '2022-12-19 22:28:55', 0),
(210, 1, 14, 10, 963, 1, '2022-12-19', '2022-12-19 22:31:38', '2022-12-19 22:31:38', 1),
(211, 1, 26, 13, 554, 2, '2022-12-05', '2022-12-19 22:33:01', '2022-12-19 22:33:01', 1),
(212, 1, 19, 10, 446, 1, '2022-12-05', '2022-12-19 22:37:55', '2022-12-19 22:37:55', 1),
(213, 1, 7, 9, 745, 0, '2022-12-19', '2022-12-19 22:40:07', '2022-12-19 22:40:07', 1),
(214, 1, 5, 7, 302, 0, '2022-12-19', '2022-12-19 22:40:27', '2022-12-19 22:40:27', 1),
(215, 1, 10, 4, 353, 0, '2022-12-19', '2022-12-19 22:41:15', '2022-12-19 22:41:15', 1),
(216, 1, 6, 5, 202, 0, '2022-12-20', '2022-12-19 22:50:50', '2022-12-19 22:50:50', 1),
(217, 1, 6, 3, 286, 0, '2022-12-20', '2022-12-19 22:50:58', '2022-12-19 22:50:58', 1),
(218, 1, 5, 7, 302, 0, '2022-11-29', '2022-12-19 22:51:20', '2022-12-19 22:51:20', 1),
(219, 1, 16, 12, 498, 1, '2022-12-20', '2022-12-19 23:34:35', '2022-12-19 23:34:35', 1),
(220, 1, 28, 17, 316, 2, '2022-12-22', '2022-12-19 23:34:45', '2022-12-19 23:34:45', 1),
(221, 1, 29, 13, 705, 2, '2022-12-20', '2022-12-19 23:34:55', '2022-12-19 23:34:55', 1),
(222, 5, 26, 19, 514, 2, '2022-12-06', '2022-12-20 00:00:04', '2022-12-20 00:00:04', 0),
(223, 5, 13, 11, 422, 1, '2022-12-20', '2022-12-20 00:00:13', '2022-12-20 00:00:13', 0),
(224, 5, 19, 10, 446, 1, '2022-12-21', '2022-12-20 00:00:22', '2022-12-20 00:00:22', 0),
(225, 1, 10, 9, 272, 0, '2023-01-21', '2022-12-21 18:12:05', '2022-12-21 18:12:05', 0),
(226, 1, 15, 12, 869, 1, '2023-06-24', '2022-12-24 23:44:12', '2022-12-24 23:44:12', 0),
(227, 1, 23, 14, 1257, 2, '2023-01-12', '2023-01-07 18:43:29', '2023-01-07 18:43:29', 0),
(228, 1, 20, 14, 1000, 2, '2023-01-21', '2023-01-21 01:07:14', '2023-01-21 01:07:14', 1),
(229, 1, 23, 14, 1257, 2, '2023-01-25', '2023-01-21 01:07:56', '2023-01-21 01:07:56', 0),
(230, 1, 17, 10, 707, 1, '2023-06-23', '2023-06-23 02:59:58', '2023-06-23 02:59:58', 1),
(231, 1, 8, 8, 827, 0, '2024-06-14', '2024-06-14 17:48:20', '2024-06-14 17:48:20', 0),
(232, 1, 23, 18, 1097, 2, '2024-06-15', '2024-06-14 22:59:52', '2024-06-14 22:59:52', 0),
(233, 8, 19, 12, 343, 1, '2024-06-14', '2024-06-14 23:25:06', '2024-06-14 23:25:06', 0),
(234, 8, 28, 18, 344, 2, '2024-06-15', '2024-06-14 23:25:31', '2024-06-14 23:25:31', 0),
(235, 8, 12, 12, 278, 1, '2024-06-18', '2024-06-18 22:23:09', '2024-06-18 22:23:09', 0);

-- --------------------------------------------------------

--
-- テーブルの構造 `main`
--

CREATE TABLE `main` (
  `id` int(11) NOT NULL,
  `name` varchar(100) NOT NULL,
  `category` tinyint(4) NOT NULL,
  `kcal` int(11) NOT NULL,
  `recipe` varchar(1000) NOT NULL
) ENGINE=InnoDB DEFAULT CHARSET=utf8mb4;

--
-- テーブルのデータのダンプ `main`
--

INSERT INTO `main` (`id`, `name`, `category`, `kcal`, `recipe`) VALUES
(1, '鶏の唐揚げ', 0, 303, 'https://cookpad.com/search/鶏の唐揚げ'),
(2, '肉じゃが', 0, 170, 'https://cookpad.com/search/肉じゃが'),
(3, 'とんかつ', 0, 463, 'https://cookpad.com/search/とんかつ'),
(5, 'てんぷら', 0, 167, 'https://cookpad.com/search/てんぷら'),
(6, 'サバの味噌煮', 0, 141, 'https://cookpad.com/search/サバの味噌煮'),
(7, '親子丼', 0, 684, 'https://cookpad.com/search/親子丼'),
(8, '牛丼', 0, 771, 'https://cookpad.com/search/牛丼'),
(9, '筑前煮', 0, 211, 'https://cookpad.com/search/筑前煮'),
(10, '筑前煮', 0, 211, 'https://cookpad.com/search/筑前煮'),
(11, 'アジの塩焼き', 0, 82, 'https://cookpad.com/search/アジの塩焼き'),
(12, 'ハンバーグ', 1, 268, 'https://cookpad.com/search/ハンバーグ'),
(13, 'ステーキ', 1, 355, 'https://cookpad.com/search/ステーキ'),
(14, 'オムライス', 1, 850, 'https://cookpad.com/search/オムライス'),
(15, 'カレーライス', 1, 859, 'https://cookpad.com/search/カレーライス'),
(16, 'マカロニグラタン', 1, 488, 'https://cookpad.com/search/マカロニグラタン'),
(17, 'ビーフシチュー', 1, 594, 'https://cookpad.com/search/ビーフシチュー'),
(18, 'ナポリタン', 1, 590, 'https://cookpad.com/search/ナポリタン'),
(19, 'ロールキャベツ', 1, 333, 'https://cookpad.com/search/ロールキャベツ'),
(20, 'チャーハン', 2, 708, 'https://cookpad.com/search/チャーハン'),
(21, '麻婆豆腐', 2, 341, 'https://cookpad.com/search/麻婆豆腐'),
(22, '酢豚', 2, 242, 'https://cookpad.com/search/酢豚'),
(23, '油淋鶏', 2, 965, 'https://cookpad.com/search/油淋鶏'),
(24, '八宝菜', 2, 353, 'https://cookpad.com/search/八宝菜'),
(25, '醤油ラーメン', 2, 470, 'https://cookpad.com/search/醤油ラーメン'),
(26, 'チンジャオロース', 2, 318, 'https://cookpad.com/search/チンジャオロース'),
(27, 'ホイコーロー', 2, 249, 'https://cookpad.com/search/ホイコーロー'),
(28, 'エビチリ', 2, 212, 'https://cookpad.com/search/エビチリ'),
(29, '焼きそば', 2, 469, 'https://cookpad.com/search/焼きそば');

-- --------------------------------------------------------

--
-- テーブルの構造 `sub`
--

CREATE TABLE `sub` (
  `id` int(11) NOT NULL,
  `name` varchar(100) NOT NULL,
  `category` tinyint(4) NOT NULL,
  `kcal` int(11) NOT NULL,
  `recipe` varchar(1000) NOT NULL
) ENGINE=InnoDB DEFAULT CHARSET=utf8mb4;

--
-- テーブルのデータのダンプ `sub`
--

INSERT INTO `sub` (`id`, `name`, `category`, `kcal`, `recipe`) VALUES
(1, '小松菜のおひたし', 0, 17, 'https://cookpad.com/search/小松菜のおひたし'),
(2, '里芋の煮物 ', 0, 83, 'https://cookpad.com/search/里芋の煮物'),
(3, '卵焼き', 0, 145, 'https://cookpad.com/search/卵焼き'),
(4, '茶碗蒸し', 0, 142, 'https://cookpad.com/search/茶碗蒸し'),
(5, 'ほうれん草の胡麻和え', 0, 61, 'https://cookpad.com/search/ほうれん草の胡麻和え'),
(7, 'ひじきの煮物', 0, 135, 'https://cookpad.com/search/ひじきの煮物'),
(8, '豆腐とわかめの味噌汁', 0, 56, 'https://cookpad.com/search/豆腐とわかめの味噌汁'),
(9, '揚げ出し豆腐', 0, 61, 'https://cookpad.com/search/揚げ出し豆腐'),
(10, 'ポテトサラダ', 1, 113, 'https://cookpad.com/search/ポテトサラダ'),
(11, 'ミネストローネ', 1, 67, 'https://cookpad.com/search/ミネストローネ'),
(12, '野菜サラダ', 1, 10, 'https://cookpad.com/search/野菜サラダ'),
(13, '餃子', 2, 236, 'https://cookpad.com/search/餃子'),
(14, '春巻き', 2, 292, 'https://cookpad.com/search/春巻き'),
(15, 'トマトと卵の炒め物', 2, 155, 'https://cookpad.com/search/トマトと卵の炒め物'),
(16, '中華スープ', 2, 54, 'https://cookpad.com/search/中華スープ'),
(17, 'もやしサラダ', 2, 104, 'https://cookpad.com/search/もやしサラダ'),
(18, '春雨サラダ', 2, 132, 'https://cookpad.com/search/春雨サラダ'),
(19, '水餃子', 2, 196, 'https://cookpad.com/search/水餃子');

-- --------------------------------------------------------

--
-- テーブルの構造 `users`
--

CREATE TABLE `users` (
  `id` int(11) NOT NULL,
  `email` varchar(255) NOT NULL,
  `pass` varchar(255) NOT NULL,
  `name` varchar(50) NOT NULL,
  `is_deleted` tinyint(4) NOT NULL DEFAULT 0,
  `create_date_time` datetime NOT NULL DEFAULT current_timestamp(),
  `update_date_time` datetime NOT NULL DEFAULT current_timestamp()
) ENGINE=InnoDB DEFAULT CHARSET=utf8mb4;

--
-- テーブルのデータのダンプ `users`
--

INSERT INTO `users` (`id`, `email`, `pass`, `name`, `is_deleted`, `create_date_time`, `update_date_time`) VALUES
(4, 'monkey@gmail.com', '$2y$10$VbVrGAZIHsJ7xkBJUCIKp.Fmcg6hz/a/MQCoaukDqkjtMNBZWU14y', 'c', 0, '2022-12-16 11:01:51', '2022-12-16 11:01:51'),
(5, 'kazuki@gmail.com', '$2y$10$XpZVJR7SPXjjniOTYFHnAOL9qTml3p4EKjaXDGsrxI1kBwIJ50e7G', 'kazuki', 0, '2022-12-19 23:59:43', '2022-12-19 23:59:43'),
(6, 'aaa@aaa.aa', '$2y$10$yHsViX/MBnKsyRaBNjiKCeNMGYYrF6HbaSqwfzpBh0wUZxvaXhvBm', 'a', 0, '2022-12-22 00:28:10', '2022-12-22 00:28:10'),
(8, 'kaakunn83@gmaill.com', '$2y$10$NF9hOjv3LddYGL8p5Uft/.iuQJdLJnSeKzKPtpAgaf22f2832WlgK', 'k', 0, '2024-06-14 23:24:48', '2024-06-14 23:24:48');

--
-- ダンプしたテーブルのインデックス
--

--
-- テーブルのインデックス `eat_history`
--
ALTER TABLE `eat_history`
  ADD PRIMARY KEY (`id`);

--
-- テーブルのインデックス `main`
--
ALTER TABLE `main`
  ADD PRIMARY KEY (`id`);

--
-- テーブルのインデックス `sub`
--
ALTER TABLE `sub`
  ADD PRIMARY KEY (`id`);

--
-- テーブルのインデックス `users`
--
ALTER TABLE `users`
  ADD PRIMARY KEY (`id`);

--
-- ダンプしたテーブルの AUTO_INCREMENT
--

--
-- テーブルの AUTO_INCREMENT `eat_history`
--
ALTER TABLE `eat_history`
  MODIFY `id` int(11) NOT NULL AUTO_INCREMENT, AUTO_INCREMENT=236;

--
-- テーブルの AUTO_INCREMENT `main`
--
ALTER TABLE `main`
  MODIFY `id` int(11) NOT NULL AUTO_INCREMENT, AUTO_INCREMENT=30;

--
-- テーブルの AUTO_INCREMENT `sub`
--
ALTER TABLE `sub`
  MODIFY `id` int(11) NOT NULL AUTO_INCREMENT, AUTO_INCREMENT=20;

--
-- テーブルの AUTO_INCREMENT `users`
--
ALTER TABLE `users`
  MODIFY `id` int(11) NOT NULL AUTO_INCREMENT, AUTO_INCREMENT=9;
COMMIT;

/*!40101 SET CHARACTER_SET_CLIENT=@OLD_CHARACTER_SET_CLIENT */;
/*!40101 SET CHARACTER_SET_RESULTS=@OLD_CHARACTER_SET_RESULTS */;
/*!40101 SET COLLATION_CONNECTION=@OLD_COLLATION_CONNECTION */;
